<?xml version="1.0" encoding="UTF-8"?>
<addon id="repository.botallen" name="Kvijay Repo" version="2.0.0" provider-name="Kvijay">
    <extension point="xbmc.addon.repository" name="Kviijay Repo">
        <!--<dir minversion="18.0" maxversion="18.9">
            <info compressed="false">https://raw.githubusercontent.com/botallen/repository.botallen/v1.0.0/addons.xml</info>
            <checksum>https://raw.githubusercontent.com/botallen/repository.botallen/v1.0.0/addons.xml.md5</checksum>
            <datadir zip="true">https://raw.githubusercontent.com/botallen/repository.botallen/v1.0.0/</datadir>
        </dir>		-->
        <dir minversion="19.0">
            <info compressed="true">https://raw.githubusercontent.com/Kvijay199428/repo.jiotv/main/addons.xml.gz</info>
            <checksum>https://raw.githubusercontent.com/Kvijay199428/repo.jiotv/main/addons.xml.gz.md5</checksum>
            <datadir zip="true">https://github.com/Kvijay199428/repo.jiotv/archive/refs/heads/main.zip</datadir>
        </dir>
    </extension>
    <extension point="xbmc.addon.metadata">
        <summary>Kvijay Repo for Kodi</summary>
        <description>A Repository for Streaming Add-ons of Indian OTT Providers</description>
        <platform>all</platform>
        <assets>
            <icon>icon.png</icon>
            <fanart>fanart.jpg</fanart>
            <clearlogo>icon.png</clearlogo>
        </assets>
    </extension>
</addon>